clip_id,scene,camera,category,human_score,review_score,failure_type,temporal_observation,stage_observation,evidence_times,review_note,size_bucket,occlusion_proxy,behind_vehicle_proxy,GT_target_visible_frames,core_nonempty_frames,empty_core_with_visible_GT
A001,scene-0637,CAM_BACK,vehicle.car,1,1,背景涂抹,色块/纹理变化,原生输出已存在,0.0–2.0s,雨天远小车位置被红灰色平滑块替代；随镜头后退块状纹理改变，后方车辆身份不能仅凭投影框确认。,small,clear,True,23,23,[]
A002,scene-1063,CAM_BACK,vehicle.car,0,0,灯光与车形残留,亮斑伸缩闪变,原生输出已存在,0.0–2.5s,车身虽弱化，双车灯变成两根高亮竖条，路面反光随帧膨胀收缩；不是合格的夜间删车。,medium,clear,False,26,26,[]
A003,scene-0003,CAM_FRONT,vehicle.car,1,1,背景结构漂移,路面线条改变,原生输出已存在,0.0–2.5s,门岗前汽车消失，但恢复的路面黑缝和标线在片段内改变、拉长；单张提示帧较好，连续看有明显补景感。,large,clear,True,26,26,[]
A004,scene-0967,CAM_FRONT_RIGHT,vehicle.car,2,2,可接受,轻微局部软化,无显著失败,0.5–2.5s,蓝车消失，草地、树干和远处暗背景大致连续；目标出入画不能当作删除成功证据，可见阶段基本可接受。,medium,partial,False,22,22,[]
A005,scene-0625,CAM_FRONT_RIGHT,vehicle.car,0,0,车形残留与邻车形变,中段失败末段变好,输入/生成混合,1.2–1.8s；2.1s,2.1s提示帧较干净，但1.2–1.8s出现灰白车形/残体、邻车边缘也扭曲。早期穿过前景的银车是保留对象，不应误判为目标残留；f1另有mask缺失。,large,partial,False,22,21,[1]
A006,scene-1066,CAM_FRONT,vehicle.motorcycle,2,,夜间目标不可辨,仅灯点可观察,输入证据不足,0.0–2.5s,目标摩托车几乎只有远处灯点，无法独立确认全部可见车体是否消失；保留用户2分，不替其改写，另标低可观察性及f2 mask缺失。,small,clear,False,26,25,[2]
A007,scene-0781,CAM_FRONT,vehicle.car,0,0,车形重建/身份未明,车型和车灯变化,原生输出已存在,0.5–2.5s,删除区持续出现黑色车状实体，前脸、车灯与体型随时间变化；有后方车辆投影，不能直接叫凭空再生，但显露结果不可信。,medium,partial,True,26,26,[]
A008,scene-0014,CAM_FRONT_RIGHT,vehicle.truck,1,1,遮挡后背景不可信,深色竖状纹理变化,原生输出已存在,0.0–2.5s,树/牌后的小货车区域被深色竖向块替代，前景牌子大体保留；删除的精确身份难核实，背景结构仍明显不自然。,small,partial,False,26,26,[]
A009,scene-0271,CAM_BACK,vehicle.car,2,2,可接受,整体稳定,无显著失败,0.0–2.5s,灰色厢式车从近到远均被移除，道路、路缘和柱体大致连续；少量边缘软化，不是所有大目标都失败的反例。,large,clear,False,26,26,[]
A010,scene-0103,CAM_FRONT_LEFT,vehicle.car,2,2,可接受,显露后稳定,需区分遮挡与mask缺失,1.2–2.5s,后方灰色轿车消失，穿过前景的银色车与行人大体保留。f6–9记录mask为空，与遮挡阶段有关，不能仅凭该计数判失败。,medium,partial,True,20,16,"[6, 7, 8, 9]"
A011,scene-0564,CAM_FRONT,vehicle.truck,2,2,可接受,轻微路面扭曲,无显著失败,0.0–2.5s,左侧大货车被移除，前景红车与旁边车辆仍在，道路衔接总体可接受；不应把大目标一律列为必失败。,large,clear,False,26,26,[]
A012,scene-0796,CAM_BACK,vehicle.car,2,2,可接受但身份弱可观测,基本平稳,低分辨率限制,0.0–2.5s,远小车区域变为平滑背景，树干、路缘和较近车辆基本保留；可接受为视觉结果，但完整目标身份核验置信度低。,small,partial,False,26,26,[]
A013,scene-0345,CAM_FRONT_RIGHT,vehicle.car,1,1,真实后车形状错误,后车前脸持续变形,原生输出已存在,0.0–2.5s,黑车删除后，真实白色客车显露，但下半车头补成箱状/斜面块，形状随帧改变；不是把所有后车都算幻觉。,medium,partial,True,26,26,[]
A014,scene-0919,CAM_FRONT,vehicle.motorcycle,2,2,可接受,弯道路面连续,无显著失败,0.0–2.5s,摩托车与骑手被移除，弯道标线、草地和后方其他交通参与者大体保留。,medium,clear,False,22,22,[]
A015,scene-0272,CAM_BACK,vehicle.bicycle,1,1,背景涂抹,新墙面/标线漂动,原生输出已存在,0.0–2.5s,远处自行车附近被补成浅灰墙状平面，路侧边界和亮标线略漂；小目标本身难辨，不能宣称精确删净。,small,partial,True,26,26,[]
A016,scene-0931,CAM_FRONT,vehicle.car,2,2,可接受,出画前大致连续,边界输入需单列,0.0–1.7s,右侧截边车辆消失，红色路沿线与道路基本延续；后段目标出画不再计删除有效证据。f18 mask缺失保留为输入提示。,large,clear,False,19,18,[18]
A017,scene-0101,CAM_BACK_LEFT,vehicle.car,1,1,背景残块与输入缺失,进入视野后延迟消失,输入/生成混合,0.8–1.5s,目标进入画面的部分帧未被删除，后续虽移除但出现灰色团块及斑马线断裂；f8–11 mask缺失，不能全归因时序生成器。,large,partial,False,11,7,"[8, 9, 10, 11]"
A018,scene-0915,CAM_BACK,vehicle.car,1,1,背景涂抹,湿路侧色块变化,原生输出已存在,0.0–2.5s,雨天车列小目标区呈棕灰平滑块，附近建筑底部与停车内容被软化；有后方车辆投影，隐藏身份未确认。,small,clear,True,26,26,[]
A019,scene-0636,CAM_FRONT_LEFT,vehicle.car,1,1,亮色车形残留,后段亮块逐渐显露,原生输出已存在,1.0–2.5s,原车位置逐渐出现白灰色车头样亮块和路面拖光，邻车大体仍在；虽有删除变化，但补景不可信。,medium,clear,False,26,26,[]
A020,scene-0775,CAM_FRONT,vehicle.car,1,1,后方结构与邻车受损,从朦胧变成竖状块,原生与写回均需区分,0.5–2.5s,目标货车位置变成棕色竖块，附近黑车后部也发生变化；局部删除有响应，但遮挡关系及背景未恢复干净。,medium,partial,True,26,26,[]
A021,scene-0921,CAM_BACK,vehicle.truck,2,2,可接受,路面有轻微蓝灰块,无严重失败,0.0–2.5s,小车消失，旁边黑车保留；原位置路面有轻微蓝灰平滑区域，按用户可接受口径暂保留2分，而非高保真。,small,partial,False,26,25,[25]
A022,scene-0770,CAM_BACK_LEFT,vehicle.car,0,0,目标被换成另一车形,车形随时间改变,原生输出已存在,0.0–1.5s,清楚、无遮挡的银车变成棕黑色小车，后续才随原目标出画；属于普通输入下的强失败例，不只是难例域外。,large,clear,False,21,20,[20]
A023,scene-0799,CAM_FRONT,vehicle.car,1,1,栏杆/车体残片,白色碎片沿目标移动,输入/写回混合,0.5–2.0s,目标主体减弱，但栏杆后仍有移动的白色车体条带；已有单帧mask缺陷标记，保护区域与车像素归属需分开。,medium,clear,True,21,21,[]
A024,scene-1070,CAM_BACK,vehicle.truck,0,0,矩形灰块与灯光残留,灰块形状跳变,原生输出已存在,0.5–2.5s,夜间目标被灰色平板替代，1.5s附近矩形边界很明显，同时残留红灯；视频比单帧更不可信。,small,partial,False,26,26,[]
A025,scene-0778,CAM_BACK_RIGHT,vehicle.truck,1,1,背景结构简化,墙/草地衔接不稳,原生输出已存在,0.0–1.6s,停车车辆被抹去但留下平面化墙/路侧纹理；车列与路缘关系偏假，后段目标出画不能掩盖前段缺陷。,large,clear,False,20,19,[19]
A026,scene-0929,CAM_FRONT,vehicle.car,0,0,黑色洞状结构,洞边界持续变化,原生输出已存在,0.0–2.5s,小白车被替换为宽黑洞/黑色矩形，周围树木结构仍在，目标位置始终不是合理背景。,small,partial,False,26,26,[]
A027,scene-0632,CAM_BACK,vehicle.trailer,0,0,车状残影与邻车形变,灰色大块流动,原生输出已存在,0.0–2.5s,红货箱消失后仍留下大块灰色车壳/拖影，并与右侧真实白车混在一起；没有恢复可信车列。,medium,clear,True,26,26,[]
A028,scene-0923,CAM_BACK_RIGHT,vehicle.bus.rigid,0,0,可见目标未被完整遮罩,杆件/边界变化,输入混杂明显,1.0–2.5s,0–0.5s目标前部删除较干净；1.0s后蓝洞只覆盖大巴中段，右侧仍可见车头，补景也影响树/杆。橙色写回未覆盖全部目标，是输入/可见性混杂，不是单一生成器失败。,large,partial,True,26,26,[]
A029,scene-0553,CAM_FRONT,vehicle.bus.rigid,1,1,结构涂抹,路缘背景渐变,原生输出已存在,0.0–2.5s,货车主体消失，过路行人大体保留，但补出的街角/路面带朦胧平面与边缘形变；部分有效而非干净完成。,medium,partial,False,26,26,[]
A030,scene-0331,CAM_BACK,vehicle.car,0,0,背景黑块,黑白斑块变化,原生输出已存在,0.0–2.5s,远小目标区域持续形成黑色块和白亮点，公交站/车列结构不可信；不是小目标只损失一点细节。,small,clear,False,26,26,[]
A031,scene-0012,CAM_FRONT_RIGHT,vehicle.car,2,2,可接受,邻车显露基本连贯,无显著失败,0.0–1.8s,黑色目标移除后可看到原本后方的灰车和红车，栏杆/树干基本保留；有邻车不等于幻觉，局部边缘仍偏软。,large,clear,True,20,20,[]
A032,scene-0908,CAM_FRONT,vehicle.truck,0,0,背景矩形残影,早段车形平面后段淡去,原生输出已存在,0.0–1.0s,白色广告货车区域变成棕黑矩形，随后矩形逐渐淡去；单张后期图较好但前段不合格，前景车顶不能用来解释全部残影。,medium,partial,False,26,26,[]
A033,scene-1060,CAM_BACK,vehicle.car,1,1,夜间补景伪影,亮斑/色块短时出现,输入低可观察性,1.2–2.0s,目标小且部分遮挡，明显大灯属于邻车不能一并删除；目标附近有橙白小块和边缘闪变，身份核验不充分。,small,partial,False,23,19,"[19, 20, 21, 22]"
A034,scene-0911,CAM_FRONT,vehicle.car,1,1,路面/邻车涂抹,近处纹理改变,原生输出已存在,0.0–1.5s,白车基本消失，但路面斜线、人行道和后方车列局部被平滑、拉扯；不是目标完全没删，主要是补景质量不足。,large,clear,True,17,17,[]
A035,scene-1061,CAM_FRONT_RIGHT,vehicle.car,0,0,灯光与矩形残影,灰块/车灯快速变化,原生输出已存在,0.5–2.0s,夜间强车灯区被灰色方板、发白车头和高亮光斑轮换替代，反光仍在；不能把删车等同于弱化车身。,small,clear,False,20,20,[]
A036,scene-0035,CAM_FRONT_LEFT,vehicle.truck,0,0,结构残体,横梁/车轮随帧变化,原生输出已存在,0.5–2.5s,小货车被移除后留下悬空长条、底盘/轮状残体及灰墙面，后段明显；旁边大货车是保留对象，不算再生。,medium,partial,False,26,26,[]
A037,scene-0099,CAM_BACK,vehicle.car,1,1,阴影与路面残留,黑色影块短时扩大,原生输出已存在,0.8–1.5s,白SUV主体消失，但1.0s附近路面留大片黑色影子/平块，随后变淡；远景车辆不能当原车复活。,large,partial,True,18,18,[]
A038,scene-0110,CAM_FRONT,vehicle.truck,1,1,背景细节变形,护栏/路侧纹理变化,原生输出已存在,0.0–2.5s,货车被移除，后方小白车仍在；补出的路侧护栏和建筑底部偏软、变形，整段不如提示帧干净。,medium,clear,False,26,26,[]
A039,scene-1068,CAM_FRONT_LEFT,vehicle.motorcycle,2,2,可接受但低可观察性,整体相对稳定,夜间低对比限制,0.0–2.5s,夜间目标区无明显大块残体，邻近蓝色货车和周围灯光基本保留；接受视觉效果，不据此确认隐藏车型完全正确。,medium,clear,True,23,23,[]
A040,scene-0795,CAM_FRONT,vehicle.car,0,0,目标残留与遮罩不足,部分帧目标再显露,输入/生成混合,0.0–2.5s,蓝车部分被删，但后段仍有明显蓝色前脸/车体，路边杆件附近出现灰块；已有输入mask缺陷，不能单归因缺3D先验。,small,partial,False,26,26,[]
A041,scene-0920,CAM_BACK,vehicle.car,0,0,目标被换成另一车形,先糊块后黑色轿车,原生输出已存在,1.1–2.5s,原灰色车进入视野后，删除区先是拖影，再形成黑色低矮轿车；背景不拥挤，是普通场景下值得保留的失败。,medium,clear,False,17,16,[9]
A042,scene-0904,CAM_FRONT_LEFT,vehicle.car,1,1,真实车列恢复不良,车体拉长融合,原生输出已存在,1.0–2.5s,近处车被处理后，后方车列变成银白车身融合体，接地和车间边界不清；有实际后车，不能以车辆数量减少作唯一判断。,large,partial,True,26,26,[]
A043,scene-0016,CAM_FRONT,vehicle.car,,2,可接受,整体连续,无显著失败,0.0–2.5s,白色厢式车由远及近被移除，道路黄线与人行道大致延续；这是补充的助手评分，用户尚未打分。,large,clear,False,26,26,[]
A044,scene-0106,CAM_BACK,vehicle.motorcycle,1,1,远小目标/输入缺失,前段未处理后段竖块,输入证据混杂,0.0–0.4s；1.0–2.5s,远处摩托车与杆件难分，前5帧GT可见但mask为空；后续补区仍偏块状。效果不佳，不能当纯生成器失败。,small,partial,False,26,21,"[0, 1, 2, 3, 4]"
A045,scene-0562,CAM_FRONT,vehicle.car,0,0,车形/门洞状替代,结构逐渐变成盒子,原生输出已存在,0.0–2.5s,目标厢式车后部被替成棕白色箱体/门洞样块，暗色轮廓持续存在并变化；有后方投影但未恢复可信实体。,medium,clear,True,26,26,[]
A046,scene-0637,CAM_FRONT_LEFT,vehicle.car,0,0,白色残体与杆状伪影,后段亮块增强,原生输出已存在,1.2–2.5s,目标黑车减弱后出现白色篷状团块和竖亮条，邻近白车大体保留；f10缺mask为额外输入问题。,small,partial,False,16,15,[10]
A047,scene-1063,CAM_BACK,vehicle.car,1,1,背景亮色块,新块沿视角改变,原生输出已存在,0.0–1.5s,夜间小车消失，原位置却出现浅色柱墙样结构；目标出画后场景恢复正常，不能用出画部分拉高评价。,small,partial,False,26,21,"[21, 22, 23, 24, 25]"
A048,scene-0003,CAM_BACK_LEFT,vehicle.car,1,1,后方车辆形状受损,后车反光/车顶改变,原生输出已存在,0.0–2.5s,近处白车删除后，真实后方停车车辆的被遮挡部分被拉扯成银黑平面；目标消失但邻车保真不足。,large,clear,True,26,26,[]
A049,scene-0967,CAM_FRONT,vehicle.car,2,2,可接受,道路与阴影基本连贯,无显著失败,0.0–2.4s,白色MPV移除，红车和路面阴影基本保留，未见明显重新长车或大块残留。,medium,clear,False,26,26,[]
A050,scene-0625,CAM_BACK,vehicle.car,0,0,目标被换成另一车形,再生成车随镜头变化,原生输出已存在,0.0–2.5s,黑色小车被替成浅棕色SUV样车体，持续占据原车位置；周围真实车保留不等于目标删除成功。,large,partial,False,26,26,[]
A051,scene-1066,CAM_FRONT_RIGHT,vehicle.car,1,1,夜间块状过渡,暗块边界变化,低可观察性,0.0–2.5s,目标深色车与夜间背景难分，补后更暗并有棕灰块状过渡；可判视觉不佳，不足以验证精确身份。,medium,clear,True,26,26,[]
A052,scene-0781,CAM_FRONT,vehicle.car,,,严重截边/遮挡,有效目标证据不足,输入证据不足,0.0–2.5s,目标在最左侧只露窄条，中央车辆不是目标；f5–12无mask。用户未评分，本次也不补0或2，不用大面积不变画面冒充成功。,small,partial,False,26,18,"[5, 6, 7, 8, 9, 10, 11, 12]"
A053,scene-0014,CAM_BACK,vehicle.car,1,1,局部背景软化,路缘/杆件轻微变化,原生输出已存在,1.1–2.3s,黑车主体移除，栏杆与绿地大体保留，但补区路缘/暗色结构有时变涂抹；有部分结果但不够干净。,medium,clear,False,17,16,[6]
A054,scene-0271,CAM_BACK_RIGHT,vehicle.bicycle,0,0,细结构残留,车架样纹理变化,输入/生成混合,0.5–2.5s,删除近处自行车后仍有弯曲车架/轮状残片，树与后方另一自行车需保留；不能把所有轮子都删掉来刷分。,large,clear,True,26,26,[]
A055,scene-0103,CAM_FRONT,vehicle.car,0,0,车列融合/替代车体,红白车壳逐渐显露,原生输出已存在,0.5–2.5s,目标区出现红白相间的变形车身，与密集邻车融合；身份、轮廓和遮挡关系均未恢复可信。,medium,partial,True,26,26,[]
A056,scene-0564,CAM_BACK,vehicle.car,1,1,背景与路侧涂抹,长条纹理滑动,原生输出已存在,0.0–2.0s,大黑车被移除，后方道路/护栏出现连续软化、拉伸的条带；后段经过的另一黑车是真实非目标，不能当目标复活。,large,partial,False,26,26,[]
A057,scene-0796,CAM_FRONT,vehicle.car,0,0,错误平板结构,白灰板持续变形,原生输出已存在,0.5–2.5s,小银车区域出现悬浮白灰长板和黑窗样结构，且随时间变形；单帧也不自然，视频更明显。,small,partial,False,26,26,[]
A058,scene-0345,CAM_FRONT_LEFT,vehicle.bus.rigid,0,0,近景大目标未持续移除,中段移除末段原体仍在,输入/裁剪/生成需分开,1.5–2.5s,大巴接近并占据画面后，末段仍有完整车侧、车窗与轮子；即使早段未出现/局部去掉，也不能算整段DELETE完成。,medium,clear,False,13,12,[10]
A059,scene-0919,CAM_BACK_LEFT,vehicle.car,2,2,可接受,可见阶段基本稳定,无显著失败,0.0–0.9s,蓝车移除，树干、植物、路缘和后续路面大致连贯；目标出画后不再贡献成功证据。,small,partial,False,12,10,"[10, 11]"
A060,scene-0272,CAM_BACK,vehicle.car,,2,可接受,街角/路缘总体稳定,无显著失败,0.0–2.5s,黑车消失，路面白线、人行道和街角杆件基本延续；用户未评分，本次助手补充为2分。,medium,clear,True,26,26,[]
A061,scene-0931,CAM_BACK,vehicle.car,0,0,目标被换成另一车形,前脸转为尾部/外观改变,原生输出已存在,1.0–2.5s,应删除的深色车被银白色轿车状内容替代，后段出现背面样外观并持续跟随位置；有邻车投影但生成结构仍不可信。,large,clear,True,18,18,[]
A062,scene-0101,CAM_FRONT,vehicle.car,1,1,车体残片/遮挡混杂,后段形状不稳,输入/隐藏结构混合,1.2–2.5s,目标与前方黑车重叠，输出局部仍有浅色残片和车形，未充分证明完整删除；前三帧缺mask，不能据此追究SV3D训练。,small,partial,False,26,23,"[0, 1, 2]"
A063,scene-0915,CAM_FRONT,vehicle.car,0,0,目标阶段性未删除,输入缺失后变灰色车体,输入与生成均有问题,0.0–1.7s,18帧GT可见仅8帧有mask，前9帧直接保留可见内容；之后仍是灰SUV样结构。它是整条pipeline失败，不是单一补景模型失败。,large,partial,True,18,8,"[0, 1, 2, 3, 4, 5, 6, 7, 8, 17]"
A064,scene-0636,CAM_BACK_LEFT,vehicle.truck,1,1,静态背景被补成物体,黄色平台形状变化,原生输出已存在,0.0–2.5s,白货车移除但出现黄色斜坡/小车样平台，尺度和轮廓随帧变化；原本提示帧看着尚可，时序暴露结构不稳。,medium,clear,False,26,26,[]
A065,scene-0775,CAM_BACK,vehicle.truck,0,0,大目标删除不持续,早段消失后厢体返回,生成失败＋后段输入未遮挡,0.0–2.5s,0–0.3s较干净，0.4–1.1s出现小车样内容，1.2s以后广告厢体返回，2.0s模型洞已为空但车侧仍可见。输入失效与生成残体叠加，不能只称模型长期失忆。,large,partial,False,18,18,[]
A066,scene-0921,CAM_FRONT_RIGHT,vehicle.car,2,2,可接受,标线/路面基本稳定,无显著失败,0.0–2.5s,小黑车和对应灯点被移除，路面标线、路缘基本稳定；保留为无遮挡小目标正例。,small,clear,False,26,26,[]
A067,scene-0770,CAM_FRONT,vehicle.truck,1,1,后方小车变形,白车轮廓和颜色变化,原生输出已存在,0.0–2.5s,目标较大车辆处理后，露出的白色小车及路侧结构被软化、扭曲；需保持真实邻车，不能用区域无车作目标。,medium,partial,False,26,26,[]
A068,scene-0799,CAM_BACK,vehicle.motorcycle,2,2,可接受,少量路面纹理变化,无显著失败,0.0–2.5s,摩托车/骑手被移除，两侧车辆保留；路面少量斑块但整段局部视觉可接受。,small,clear,True,26,26,[]
A069,scene-1070,CAM_FRONT,vehicle.car,0,0,暗色矩形与照明残留,矩形边界/反光跳变,输入/生成混合,0.0–1.3s,夜间大车删除处为暗色规整块，边界和路面反光不衔接；后续正常来车不能算目标再生，但前段已失败。,large,partial,True,13,12,[12]
A070,scene-0778,CAM_BACK_LEFT,vehicle.car,0,0,车体部分删除,半车形状持续漂变,输入/写回混合,1.0–2.5s,原目标黑车仍保留大片右侧车身，左侧被改变成不同形状，栏杆和车轮混杂；最终不是干净删除，输入写回覆盖有限。,medium,clear,False,16,15,[10]
