case_id,frame,score_0_2,timestamp_us,note,preview_source
D001,0,1,1532707857637558,新增灰车完整，灰洞也基本覆盖目标，原道路可作为明确答案；但车底像悬在路面上，缺少接触暗部，沿双黄线移动时贴片感明显。未见整帧跳换或明显目标漏出。,assets/D001/000_input.jpg
D001,1,1,1532707857687558,全段同类问题持续；见本例关键帧说明。,assets/D001/001_input.jpg
D001,2,1,1532707857787558,全段同类问题持续；见本例关键帧说明。,assets/D001/002_input.jpg
D001,3,1,1532707857937558,全段同类问题持续；见本例关键帧说明。,assets/D001/003_input.jpg
D001,4,1,1532707858037586,全段同类问题持续；见本例关键帧说明。,assets/D001/004_input.jpg
D001,5,1,1532707858137558,全段同类问题持续；见本例关键帧说明。,assets/D001/005_input.jpg
D001,6,1,1532707858187558,全段同类问题持续；见本例关键帧说明。,assets/D001/006_input.jpg
D001,7,1,1532707858287558,全段同类问题持续；见本例关键帧说明。,assets/D001/007_input.jpg
D001,8,1,1532707858437558,全段同类问题持续；见本例关键帧说明。,assets/D001/008_input.jpg
D001,9,1,1532707858537558,新增灰车完整，灰洞也基本覆盖目标，原道路可作为明确答案；但车底像悬在路面上，缺少接触暗部，沿双黄线移动时贴片感明显。未见整帧跳换或明显目标漏出。,assets/D001/009_input.jpg
D001,10,1,1532707858637558,全段同类问题持续；见本例关键帧说明。,assets/D001/010_input.jpg
D001,11,1,1532707858687558,全段同类问题持续；见本例关键帧说明。,assets/D001/011_input.jpg
D001,12,1,1532707858787558,全段同类问题持续；见本例关键帧说明。,assets/D001/012_input.jpg
D001,13,1,1532707858937558,全段同类问题持续；见本例关键帧说明。,assets/D001/013_input.jpg
D001,14,1,1532707859037558,全段同类问题持续；见本例关键帧说明。,assets/D001/014_input.jpg
D001,15,1,1532707859137568,新增灰车完整，灰洞也基本覆盖目标，原道路可作为明确答案；但车底像悬在路面上，缺少接触暗部，沿双黄线移动时贴片感明显。未见整帧跳换或明显目标漏出。,assets/D001/015_input.jpg
D001,16,1,1532707859187558,全段同类问题持续；见本例关键帧说明。,assets/D001/016_input.jpg
D001,17,1,1532707859287558,全段同类问题持续；见本例关键帧说明。,assets/D001/017_input.jpg
D001,18,1,1532707859437567,全段同类问题持续；见本例关键帧说明。,assets/D001/018_input.jpg
D001,19,1,1532707859537558,全段同类问题持续；见本例关键帧说明。,assets/D001/019_input.jpg
D001,20,1,1532707859637558,全段同类问题持续；见本例关键帧说明。,assets/D001/020_input.jpg
D001,21,1,1532707859687558,全段同类问题持续；见本例关键帧说明。,assets/D001/021_input.jpg
D001,22,1,1532707859787573,全段同类问题持续；见本例关键帧说明。,assets/D001/022_input.jpg
D001,23,1,1532707859937558,全段同类问题持续；见本例关键帧说明。,assets/D001/023_input.jpg
D001,24,1,1532707860037558,全段同类问题持续；见本例关键帧说明。,assets/D001/024_input.jpg
D001,25,1,1532707860137558,全段同类问题持续；见本例关键帧说明。,assets/D001/025_input.jpg
D001,26,1,1532707860187558,全段同类问题持续；见本例关键帧说明。,assets/D001/026_input.jpg
D001,27,1,1532707860287558,全段同类问题持续；见本例关键帧说明。,assets/D001/027_input.jpg
D001,28,1,1532707860437558,全段同类问题持续；见本例关键帧说明。,assets/D001/028_input.jpg
D001,29,1,1532707860537558,新增灰车完整，灰洞也基本覆盖目标，原道路可作为明确答案；但车底像悬在路面上，缺少接触暗部，沿双黄线移动时贴片感明显。未见整帧跳换或明显目标漏出。,assets/D001/029_input.jpg
D008,0,2,1535573176637558,A 在 B 前方，B 的可见车顶/部分前脸留在条件里，GT 中 B 完整可恢复；30 帧的对象、遮挡和灰洞连续。车底仍略硬，但相对可送人工全检。,assets/D008/000_input.jpg
D008,1,2,1535573176687558,未见足以拒绝本帧的明显新增错误；须人工全检。,assets/D008/001_input.jpg
D008,2,2,1535573176787558,未见足以拒绝本帧的明显新增错误；须人工全检。,assets/D008/002_input.jpg
D008,3,2,1535573176937558,未见足以拒绝本帧的明显新增错误；须人工全检。,assets/D008/003_input.jpg
D008,4,2,1535573177037558,未见足以拒绝本帧的明显新增错误；须人工全检。,assets/D008/004_input.jpg
D008,5,2,1535573177137558,未见足以拒绝本帧的明显新增错误；须人工全检。,assets/D008/005_input.jpg
D008,6,2,1535573177187558,未见足以拒绝本帧的明显新增错误；须人工全检。,assets/D008/006_input.jpg
D008,7,2,1535573177287558,未见足以拒绝本帧的明显新增错误；须人工全检。,assets/D008/007_input.jpg
D008,8,2,1535573177437558,未见足以拒绝本帧的明显新增错误；须人工全检。,assets/D008/008_input.jpg
D008,9,2,1535573177537558,未见足以拒绝本帧的明显新增错误；须人工全检。,assets/D008/009_input.jpg
D008,10,2,1535573177637558,未见足以拒绝本帧的明显新增错误；须人工全检。,assets/D008/010_input.jpg
D008,11,2,1535573177687558,未见足以拒绝本帧的明显新增错误；须人工全检。,assets/D008/011_input.jpg
D008,12,2,1535573177787558,未见足以拒绝本帧的明显新增错误；须人工全检。,assets/D008/012_input.jpg
D008,13,2,1535573177937558,未见足以拒绝本帧的明显新增错误；须人工全检。,assets/D008/013_input.jpg
D008,14,2,1535573178037558,未见足以拒绝本帧的明显新增错误；须人工全检。,assets/D008/014_input.jpg
D008,15,2,1535573178137558,A 在 B 前方，B 的可见车顶/部分前脸留在条件里，GT 中 B 完整可恢复；30 帧的对象、遮挡和灰洞连续。车底仍略硬，但相对可送人工全检。,assets/D008/015_input.jpg
D008,16,2,1535573178187558,未见足以拒绝本帧的明显新增错误；须人工全检。,assets/D008/016_input.jpg
D008,17,2,1535573178287558,未见足以拒绝本帧的明显新增错误；须人工全检。,assets/D008/017_input.jpg
D008,18,2,1535573178437558,未见足以拒绝本帧的明显新增错误；须人工全检。,assets/D008/018_input.jpg
D008,19,2,1535573178537558,未见足以拒绝本帧的明显新增错误；须人工全检。,assets/D008/019_input.jpg
D008,20,2,1535573178637558,未见足以拒绝本帧的明显新增错误；须人工全检。,assets/D008/020_input.jpg
D008,21,2,1535573178687558,未见足以拒绝本帧的明显新增错误；须人工全检。,assets/D008/021_input.jpg
D008,22,2,1535573178787558,未见足以拒绝本帧的明显新增错误；须人工全检。,assets/D008/022_input.jpg
D008,23,2,1535573178937558,A 在 B 前方，B 的可见车顶/部分前脸留在条件里，GT 中 B 完整可恢复；30 帧的对象、遮挡和灰洞连续。车底仍略硬，但相对可送人工全检。,assets/D008/023_input.jpg
D008,24,2,1535573179037558,未见足以拒绝本帧的明显新增错误；须人工全检。,assets/D008/024_input.jpg
D008,25,2,1535573179137558,未见足以拒绝本帧的明显新增错误；须人工全检。,assets/D008/025_input.jpg
D008,26,2,1535573179187558,未见足以拒绝本帧的明显新增错误；须人工全检。,assets/D008/026_input.jpg
D008,27,2,1535573179287630,未见足以拒绝本帧的明显新增错误；须人工全检。,assets/D008/027_input.jpg
D008,28,2,1535573179437558,未见足以拒绝本帧的明显新增错误；须人工全检。,assets/D008/028_input.jpg
D008,29,2,1535573179537558,A 在 B 前方，B 的可见车顶/部分前脸留在条件里，GT 中 B 完整可恢复；30 帧的对象、遮挡和灰洞连续。车底仍略硬，但相对可送人工全检。,assets/D008/029_input.jpg
D011,0,2,1535573176637558,换成深蓝色轿车后，前后关系清楚，目标轮廓完整，后车未被不合理写到 A 前方；condition 与合成目标对应。细节仍有合成感，但没有必须整例拒绝的可见错误。,assets/D011/000_input.jpg
D011,1,2,1535573176687558,未见足以拒绝本帧的明显新增错误；须人工全检。,assets/D011/001_input.jpg
D011,2,2,1535573176787558,未见足以拒绝本帧的明显新增错误；须人工全检。,assets/D011/002_input.jpg
D011,3,2,1535573176937558,未见足以拒绝本帧的明显新增错误；须人工全检。,assets/D011/003_input.jpg
D011,4,2,1535573177037558,未见足以拒绝本帧的明显新增错误；须人工全检。,assets/D011/004_input.jpg
D011,5,2,1535573177137558,未见足以拒绝本帧的明显新增错误；须人工全检。,assets/D011/005_input.jpg
D011,6,2,1535573177187558,未见足以拒绝本帧的明显新增错误；须人工全检。,assets/D011/006_input.jpg
D011,7,2,1535573177287558,未见足以拒绝本帧的明显新增错误；须人工全检。,assets/D011/007_input.jpg
D011,8,2,1535573177437558,未见足以拒绝本帧的明显新增错误；须人工全检。,assets/D011/008_input.jpg
D011,9,2,1535573177537558,未见足以拒绝本帧的明显新增错误；须人工全检。,assets/D011/009_input.jpg
D011,10,2,1535573177637558,未见足以拒绝本帧的明显新增错误；须人工全检。,assets/D011/010_input.jpg
D011,11,2,1535573177687558,未见足以拒绝本帧的明显新增错误；须人工全检。,assets/D011/011_input.jpg
D011,12,2,1535573177787558,换成深蓝色轿车后，前后关系清楚，目标轮廓完整，后车未被不合理写到 A 前方；condition 与合成目标对应。细节仍有合成感，但没有必须整例拒绝的可见错误。,assets/D011/012_input.jpg
D011,13,2,1535573177937558,未见足以拒绝本帧的明显新增错误；须人工全检。,assets/D011/013_input.jpg
D011,14,2,1535573178037558,未见足以拒绝本帧的明显新增错误；须人工全检。,assets/D011/014_input.jpg
D011,15,2,1535573178137558,换成深蓝色轿车后，前后关系清楚，目标轮廓完整，后车未被不合理写到 A 前方；condition 与合成目标对应。细节仍有合成感，但没有必须整例拒绝的可见错误。,assets/D011/015_input.jpg
D011,16,2,1535573178187558,未见足以拒绝本帧的明显新增错误；须人工全检。,assets/D011/016_input.jpg
D011,17,2,1535573178287558,未见足以拒绝本帧的明显新增错误；须人工全检。,assets/D011/017_input.jpg
D011,18,2,1535573178437558,未见足以拒绝本帧的明显新增错误；须人工全检。,assets/D011/018_input.jpg
D011,19,2,1535573178537558,未见足以拒绝本帧的明显新增错误；须人工全检。,assets/D011/019_input.jpg
D011,20,2,1535573178637558,未见足以拒绝本帧的明显新增错误；须人工全检。,assets/D011/020_input.jpg
D011,21,2,1535573178687558,未见足以拒绝本帧的明显新增错误；须人工全检。,assets/D011/021_input.jpg
D011,22,2,1535573178787558,未见足以拒绝本帧的明显新增错误；须人工全检。,assets/D011/022_input.jpg
D011,23,2,1535573178937558,未见足以拒绝本帧的明显新增错误；须人工全检。,assets/D011/023_input.jpg
D011,24,2,1535573179037558,未见足以拒绝本帧的明显新增错误；须人工全检。,assets/D011/024_input.jpg
D011,25,2,1535573179137558,未见足以拒绝本帧的明显新增错误；须人工全检。,assets/D011/025_input.jpg
D011,26,2,1535573179187558,未见足以拒绝本帧的明显新增错误；须人工全检。,assets/D011/026_input.jpg
D011,27,2,1535573179287630,未见足以拒绝本帧的明显新增错误；须人工全检。,assets/D011/027_input.jpg
D011,28,2,1535573179437558,未见足以拒绝本帧的明显新增错误；须人工全检。,assets/D011/028_input.jpg
D011,29,2,1535573179537558,换成深蓝色轿车后，前后关系清楚，目标轮廓完整，后车未被不合理写到 A 前方；condition 与合成目标对应。细节仍有合成感，但没有必须整例拒绝的可见错误。,assets/D011/029_input.jpg
P005,0,1,1535573249787558,前段遮挡关系可辨，后车和旁边出租车大体保持；末段 A 的车轮/下缘靠近并少量盖过采集车可见车体边缘，灰洞也过近。车辆持续贴片感，而非突发生成变形。,assets/P005/000_input.jpg
P005,1,1,1535573249887558,全段同类问题持续；见本例关键帧说明。,assets/P005/001_input.jpg
P005,2,1,1535573249937558,全段同类问题持续；见本例关键帧说明。,assets/P005/002_input.jpg
P005,3,1,1535573250037561,全段同类问题持续；见本例关键帧说明。,assets/P005/003_input.jpg
P005,4,1,1535573250137558,全段同类问题持续；见本例关键帧说明。,assets/P005/004_input.jpg
P005,5,1,1535573250287558,全段同类问题持续；见本例关键帧说明。,assets/P005/005_input.jpg
P005,6,1,1535573250387558,全段同类问题持续；见本例关键帧说明。,assets/P005/006_input.jpg
P005,7,1,1535573250437558,全段同类问题持续；见本例关键帧说明。,assets/P005/007_input.jpg
P005,8,1,1535573250537558,全段同类问题持续；见本例关键帧说明。,assets/P005/008_input.jpg
P005,9,1,1535573250687558,全段同类问题持续；见本例关键帧说明。,assets/P005/009_input.jpg
P005,10,1,1535573250787558,全段同类问题持续；见本例关键帧说明。,assets/P005/010_input.jpg
P005,11,1,1535573250887558,全段同类问题持续；见本例关键帧说明。,assets/P005/011_input.jpg
P005,12,1,1535573250937558,全段同类问题持续；见本例关键帧说明。,assets/P005/012_input.jpg
P005,13,1,1535573251037558,全段同类问题持续；见本例关键帧说明。,assets/P005/013_input.jpg
P005,14,1,1535573251187558,全段同类问题持续；见本例关键帧说明。,assets/P005/014_input.jpg
P005,15,1,1535573251287558,前段遮挡关系可辨，后车和旁边出租车大体保持；末段 A 的车轮/下缘靠近并少量盖过采集车可见车体边缘，灰洞也过近。车辆持续贴片感，而非突发生成变形。,assets/P005/015_input.jpg
P005,16,1,1535573251387558,全段同类问题持续；见本例关键帧说明。,assets/P005/016_input.jpg
P005,17,1,1535573251437558,全段同类问题持续；见本例关键帧说明。,assets/P005/017_input.jpg
P005,18,1,1535573251537558,全段同类问题持续；见本例关键帧说明。,assets/P005/018_input.jpg
P005,19,1,1535573251687558,全段同类问题持续；见本例关键帧说明。,assets/P005/019_input.jpg
P005,20,1,1535573251787558,全段同类问题持续；见本例关键帧说明。,assets/P005/020_input.jpg
P005,21,1,1535573251887558,全段同类问题持续；见本例关键帧说明。,assets/P005/021_input.jpg
P005,22,1,1535573251937558,全段同类问题持续；见本例关键帧说明。,assets/P005/022_input.jpg
P005,23,1,1535573252037558,全段同类问题持续；见本例关键帧说明。,assets/P005/023_input.jpg
P005,24,1,1535573252187558,末段车底/右轮靠近并局部压到采集车可见车体边缘；复核前景层序。,assets/P005/024_input.jpg
P005,25,1,1535573252287558,末段车底/右轮靠近并局部压到采集车可见车体边缘；复核前景层序。,assets/P005/025_input.jpg
P005,26,1,1535573252387558,末段车底/右轮靠近并局部压到采集车可见车体边缘；复核前景层序。,assets/P005/026_input.jpg
P005,27,1,1535573252437558,末段车底/右轮靠近并局部压到采集车可见车体边缘；复核前景层序。,assets/P005/027_input.jpg
P005,28,1,1535573252537558,末段车底/右轮靠近并局部压到采集车可见车体边缘；复核前景层序。,assets/P005/028_input.jpg
P005,29,1,1535573252687558,末段车底/右轮靠近并局部压到采集车可见车体边缘；复核前景层序。,assets/P005/029_input.jpg
D004,0,1,1532708167637558,道路的建筑阴影随帧扫过目标位置，但供体的亮反光基本不随场景明暗变化；目标完整、条件可用，整体却像一张亮车贴在路上。,assets/D004/000_input.jpg
D004,1,1,1532708167687560,全段同类问题持续；见本例关键帧说明。,assets/D004/001_input.jpg
D004,2,1,1532708167787558,全段同类问题持续；见本例关键帧说明。,assets/D004/002_input.jpg
D004,3,1,1532708167937558,全段同类问题持续；见本例关键帧说明。,assets/D004/003_input.jpg
D004,4,1,1532708168037558,全段同类问题持续；见本例关键帧说明。,assets/D004/004_input.jpg
D004,5,1,1532708168137558,全段同类问题持续；见本例关键帧说明。,assets/D004/005_input.jpg
D004,6,1,1532708168187558,道路的建筑阴影随帧扫过目标位置，但供体的亮反光基本不随场景明暗变化；目标完整、条件可用，整体却像一张亮车贴在路上。,assets/D004/006_input.jpg
D004,7,1,1532708168287558,全段同类问题持续；见本例关键帧说明。,assets/D004/007_input.jpg
D004,8,1,1532708168437558,全段同类问题持续；见本例关键帧说明。,assets/D004/008_input.jpg
D004,9,1,1532708168537558,全段同类问题持续；见本例关键帧说明。,assets/D004/009_input.jpg
D004,10,1,1532708168637558,全段同类问题持续；见本例关键帧说明。,assets/D004/010_input.jpg
D004,11,1,1532708168687558,全段同类问题持续；见本例关键帧说明。,assets/D004/011_input.jpg
D004,12,1,1532708168787558,全段同类问题持续；见本例关键帧说明。,assets/D004/012_input.jpg
D004,13,1,1532708168937558,全段同类问题持续；见本例关键帧说明。,assets/D004/013_input.jpg
D004,14,1,1532708169037558,全段同类问题持续；见本例关键帧说明。,assets/D004/014_input.jpg
D004,15,1,1532708169137558,道路的建筑阴影随帧扫过目标位置，但供体的亮反光基本不随场景明暗变化；目标完整、条件可用，整体却像一张亮车贴在路上。,assets/D004/015_input.jpg
D004,16,1,1532708169187558,全段同类问题持续；见本例关键帧说明。,assets/D004/016_input.jpg
D004,17,1,1532708169287558,全段同类问题持续；见本例关键帧说明。,assets/D004/017_input.jpg
D004,18,1,1532708169437603,全段同类问题持续；见本例关键帧说明。,assets/D004/018_input.jpg
D004,19,1,1532708169537558,全段同类问题持续；见本例关键帧说明。,assets/D004/019_input.jpg
D004,20,1,1532708169637558,全段同类问题持续；见本例关键帧说明。,assets/D004/020_input.jpg
D004,21,1,1532708169687558,全段同类问题持续；见本例关键帧说明。,assets/D004/021_input.jpg
D004,22,1,1532708169787558,全段同类问题持续；见本例关键帧说明。,assets/D004/022_input.jpg
D004,23,1,1532708169937558,全段同类问题持续；见本例关键帧说明。,assets/D004/023_input.jpg
D004,24,1,1532708170037558,全段同类问题持续；见本例关键帧说明。,assets/D004/024_input.jpg
D004,25,1,1532708170137558,全段同类问题持续；见本例关键帧说明。,assets/D004/025_input.jpg
D004,26,1,1532708170187558,全段同类问题持续；见本例关键帧说明。,assets/D004/026_input.jpg
D004,27,1,1532708170287558,全段同类问题持续；见本例关键帧说明。,assets/D004/027_input.jpg
D004,28,1,1532708170437558,全段同类问题持续；见本例关键帧说明。,assets/D004/028_input.jpg
D004,29,1,1532708170537558,道路的建筑阴影随帧扫过目标位置，但供体的亮反光基本不随场景明暗变化；目标完整、条件可用，整体却像一张亮车贴在路上。,assets/D004/029_input.jpg
D009,0,0,1535573249787558,从首帧到末帧，目标车底和轮胎反复直接盖在图像下方采集车可见车体上；条件灰洞也进入该固定前景。画面是明显的大贴片，当前不作为合格合成删除输入。,assets/D009/000_input.jpg
D009,1,0,1535573249887558,全段同类问题持续；见本例关键帧说明。,assets/D009/001_input.jpg
D009,2,0,1535573249937558,全段同类问题持续；见本例关键帧说明。,assets/D009/002_input.jpg
D009,3,0,1535573250037561,全段同类问题持续；见本例关键帧说明。,assets/D009/003_input.jpg
D009,4,0,1535573250137558,全段同类问题持续；见本例关键帧说明。,assets/D009/004_input.jpg
D009,5,0,1535573250287558,全段同类问题持续；见本例关键帧说明。,assets/D009/005_input.jpg
D009,6,0,1535573250387558,全段同类问题持续；见本例关键帧说明。,assets/D009/006_input.jpg
D009,7,0,1535573250437558,全段同类问题持续；见本例关键帧说明。,assets/D009/007_input.jpg
D009,8,0,1535573250537558,全段同类问题持续；见本例关键帧说明。,assets/D009/008_input.jpg
D009,9,0,1535573250687558,全段同类问题持续；见本例关键帧说明。,assets/D009/009_input.jpg
D009,10,0,1535573250787558,全段同类问题持续；见本例关键帧说明。,assets/D009/010_input.jpg
D009,11,0,1535573250887558,全段同类问题持续；见本例关键帧说明。,assets/D009/011_input.jpg
D009,12,0,1535573250937558,从首帧到末帧，目标车底和轮胎反复直接盖在图像下方采集车可见车体上；条件灰洞也进入该固定前景。画面是明显的大贴片，当前不作为合格合成删除输入。,assets/D009/012_input.jpg
D009,13,0,1535573251037558,全段同类问题持续；见本例关键帧说明。,assets/D009/013_input.jpg
D009,14,0,1535573251187558,全段同类问题持续；见本例关键帧说明。,assets/D009/014_input.jpg
D009,15,0,1535573251287558,从首帧到末帧，目标车底和轮胎反复直接盖在图像下方采集车可见车体上；条件灰洞也进入该固定前景。画面是明显的大贴片，当前不作为合格合成删除输入。,assets/D009/015_input.jpg
D009,16,0,1535573251387558,全段同类问题持续；见本例关键帧说明。,assets/D009/016_input.jpg
D009,17,0,1535573251437558,全段同类问题持续；见本例关键帧说明。,assets/D009/017_input.jpg
D009,18,0,1535573251537558,全段同类问题持续；见本例关键帧说明。,assets/D009/018_input.jpg
D009,19,0,1535573251687558,全段同类问题持续；见本例关键帧说明。,assets/D009/019_input.jpg
D009,20,0,1535573251787558,全段同类问题持续；见本例关键帧说明。,assets/D009/020_input.jpg
D009,21,0,1535573251887558,全段同类问题持续；见本例关键帧说明。,assets/D009/021_input.jpg
D009,22,0,1535573251937558,全段同类问题持续；见本例关键帧说明。,assets/D009/022_input.jpg
D009,23,0,1535573252037558,全段同类问题持续；见本例关键帧说明。,assets/D009/023_input.jpg
D009,24,0,1535573252187558,全段同类问题持续；见本例关键帧说明。,assets/D009/024_input.jpg
D009,25,0,1535573252287558,全段同类问题持续；见本例关键帧说明。,assets/D009/025_input.jpg
D009,26,0,1535573252387558,全段同类问题持续；见本例关键帧说明。,assets/D009/026_input.jpg
D009,27,0,1535573252437558,全段同类问题持续；见本例关键帧说明。,assets/D009/027_input.jpg
D009,28,0,1535573252537558,全段同类问题持续；见本例关键帧说明。,assets/D009/028_input.jpg
D009,29,0,1535573252687558,从首帧到末帧，目标车底和轮胎反复直接盖在图像下方采集车可见车体上；条件灰洞也进入该固定前景。画面是明显的大贴片，当前不作为合格合成删除输入。,assets/D009/029_input.jpg
P003,0,1,1532708167637558,供体比附近真实车辆更糊，轮胎/车底不清，背景阴影变化时车体亮度跟随不足。GT 和灰洞关系基本清楚，但不适合混称高真实性 X。,assets/P003/000_input.jpg
P003,1,1,1532708167687560,全段同类问题持续；见本例关键帧说明。,assets/P003/001_input.jpg
P003,2,1,1532708167787558,全段同类问题持续；见本例关键帧说明。,assets/P003/002_input.jpg
P003,3,1,1532708167937558,全段同类问题持续；见本例关键帧说明。,assets/P003/003_input.jpg
P003,4,1,1532708168037558,全段同类问题持续；见本例关键帧说明。,assets/P003/004_input.jpg
P003,5,1,1532708168137558,全段同类问题持续；见本例关键帧说明。,assets/P003/005_input.jpg
P003,6,1,1532708168187558,全段同类问题持续；见本例关键帧说明。,assets/P003/006_input.jpg
P003,7,1,1532708168287558,全段同类问题持续；见本例关键帧说明。,assets/P003/007_input.jpg
P003,8,1,1532708168437558,全段同类问题持续；见本例关键帧说明。,assets/P003/008_input.jpg
P003,9,1,1532708168537558,全段同类问题持续；见本例关键帧说明。,assets/P003/009_input.jpg
P003,10,1,1532708168637558,供体比附近真实车辆更糊，轮胎/车底不清，背景阴影变化时车体亮度跟随不足。GT 和灰洞关系基本清楚，但不适合混称高真实性 X。,assets/P003/010_input.jpg
P003,11,1,1532708168687558,全段同类问题持续；见本例关键帧说明。,assets/P003/011_input.jpg
P003,12,1,1532708168787558,全段同类问题持续；见本例关键帧说明。,assets/P003/012_input.jpg
P003,13,1,1532708168937558,全段同类问题持续；见本例关键帧说明。,assets/P003/013_input.jpg
P003,14,1,1532708169037558,全段同类问题持续；见本例关键帧说明。,assets/P003/014_input.jpg
P003,15,1,1532708169137558,供体比附近真实车辆更糊，轮胎/车底不清，背景阴影变化时车体亮度跟随不足。GT 和灰洞关系基本清楚，但不适合混称高真实性 X。,assets/P003/015_input.jpg
P003,16,1,1532708169187558,全段同类问题持续；见本例关键帧说明。,assets/P003/016_input.jpg
P003,17,1,1532708169287558,全段同类问题持续；见本例关键帧说明。,assets/P003/017_input.jpg
P003,18,1,1532708169437603,全段同类问题持续；见本例关键帧说明。,assets/P003/018_input.jpg
P003,19,1,1532708169537558,全段同类问题持续；见本例关键帧说明。,assets/P003/019_input.jpg
P003,20,1,1532708169637558,全段同类问题持续；见本例关键帧说明。,assets/P003/020_input.jpg
P003,21,1,1532708169687558,全段同类问题持续；见本例关键帧说明。,assets/P003/021_input.jpg
P003,22,1,1532708169787558,全段同类问题持续；见本例关键帧说明。,assets/P003/022_input.jpg
P003,23,1,1532708169937558,全段同类问题持续；见本例关键帧说明。,assets/P003/023_input.jpg
P003,24,1,1532708170037558,全段同类问题持续；见本例关键帧说明。,assets/P003/024_input.jpg
P003,25,1,1532708170137558,全段同类问题持续；见本例关键帧说明。,assets/P003/025_input.jpg
P003,26,1,1532708170187558,全段同类问题持续；见本例关键帧说明。,assets/P003/026_input.jpg
P003,27,1,1532708170287558,全段同类问题持续；见本例关键帧说明。,assets/P003/027_input.jpg
P003,28,1,1532708170437558,全段同类问题持续；见本例关键帧说明。,assets/P003/028_input.jpg
P003,29,1,1532708170537558,供体比附近真实车辆更糊，轮胎/车底不清，背景阴影变化时车体亮度跟随不足。GT 和灰洞关系基本清楚，但不适合混称高真实性 X。,assets/P003/029_input.jpg
D005,0,1,1532708167637558,轮廓比 P003 清楚，邻车没有明显误伤，灰洞基本覆盖；但道路入阴影后车体外观仍偏亮，底部与道路缺少连接，完整视频保持贴片感。,assets/D005/000_input.jpg
D005,1,1,1532708167687560,全段同类问题持续；见本例关键帧说明。,assets/D005/001_input.jpg
D005,2,1,1532708167787558,全段同类问题持续；见本例关键帧说明。,assets/D005/002_input.jpg
D005,3,1,1532708167937558,全段同类问题持续；见本例关键帧说明。,assets/D005/003_input.jpg
D005,4,1,1532708168037558,全段同类问题持续；见本例关键帧说明。,assets/D005/004_input.jpg
D005,5,1,1532708168137558,全段同类问题持续；见本例关键帧说明。,assets/D005/005_input.jpg
D005,6,1,1532708168187558,全段同类问题持续；见本例关键帧说明。,assets/D005/006_input.jpg
D005,7,1,1532708168287558,全段同类问题持续；见本例关键帧说明。,assets/D005/007_input.jpg
D005,8,1,1532708168437558,轮廓比 P003 清楚，邻车没有明显误伤，灰洞基本覆盖；但道路入阴影后车体外观仍偏亮，底部与道路缺少连接，完整视频保持贴片感。,assets/D005/008_input.jpg
D005,9,1,1532708168537558,全段同类问题持续；见本例关键帧说明。,assets/D005/009_input.jpg
D005,10,1,1532708168637558,全段同类问题持续；见本例关键帧说明。,assets/D005/010_input.jpg
D005,11,1,1532708168687558,全段同类问题持续；见本例关键帧说明。,assets/D005/011_input.jpg
D005,12,1,1532708168787558,全段同类问题持续；见本例关键帧说明。,assets/D005/012_input.jpg
D005,13,1,1532708168937558,全段同类问题持续；见本例关键帧说明。,assets/D005/013_input.jpg
D005,14,1,1532708169037558,全段同类问题持续；见本例关键帧说明。,assets/D005/014_input.jpg
D005,15,1,1532708169137558,全段同类问题持续；见本例关键帧说明。,assets/D005/015_input.jpg
D005,16,1,1532708169187558,轮廓比 P003 清楚，邻车没有明显误伤，灰洞基本覆盖；但道路入阴影后车体外观仍偏亮，底部与道路缺少连接，完整视频保持贴片感。,assets/D005/016_input.jpg
D005,17,1,1532708169287558,全段同类问题持续；见本例关键帧说明。,assets/D005/017_input.jpg
D005,18,1,1532708169437603,全段同类问题持续；见本例关键帧说明。,assets/D005/018_input.jpg
D005,19,1,1532708169537558,全段同类问题持续；见本例关键帧说明。,assets/D005/019_input.jpg
D005,20,1,1532708169637558,全段同类问题持续；见本例关键帧说明。,assets/D005/020_input.jpg
D005,21,1,1532708169687558,全段同类问题持续；见本例关键帧说明。,assets/D005/021_input.jpg
D005,22,1,1532708169787558,全段同类问题持续；见本例关键帧说明。,assets/D005/022_input.jpg
D005,23,1,1532708169937558,全段同类问题持续；见本例关键帧说明。,assets/D005/023_input.jpg
D005,24,1,1532708170037558,全段同类问题持续；见本例关键帧说明。,assets/D005/024_input.jpg
D005,25,1,1532708170137558,全段同类问题持续；见本例关键帧说明。,assets/D005/025_input.jpg
D005,26,1,1532708170187558,全段同类问题持续；见本例关键帧说明。,assets/D005/026_input.jpg
D005,27,1,1532708170287558,全段同类问题持续；见本例关键帧说明。,assets/D005/027_input.jpg
D005,28,1,1532708170437558,全段同类问题持续；见本例关键帧说明。,assets/D005/028_input.jpg
D005,29,1,1532708170537558,轮廓比 P003 清楚，邻车没有明显误伤，灰洞基本覆盖；但道路入阴影后车体外观仍偏亮，底部与道路缺少连接，完整视频保持贴片感。,assets/D005/029_input.jpg
W003,0,1,1532707859637558,目标清楚是同一辆车，位置与灰洞稳定；车底缺接触、轮廓略糊，整个对象像贴在双黄线附近的路面上。,assets/W003/000_input.jpg
W003,1,1,1532707859687558,全段同类问题持续；见本例关键帧说明。,assets/W003/001_input.jpg
W003,2,1,1532707859787573,全段同类问题持续；见本例关键帧说明。,assets/W003/002_input.jpg
W003,3,1,1532707859937558,目标清楚是同一辆车，位置与灰洞稳定；车底缺接触、轮廓略糊，整个对象像贴在双黄线附近的路面上。,assets/W003/003_input.jpg
W003,4,1,1532707860037558,全段同类问题持续；见本例关键帧说明。,assets/W003/004_input.jpg
W003,5,1,1532707860137558,目标清楚是同一辆车，位置与灰洞稳定；车底缺接触、轮廓略糊，整个对象像贴在双黄线附近的路面上。,assets/W003/005_input.jpg
W003,6,1,1532707860187558,全段同类问题持续；见本例关键帧说明。,assets/W003/006_input.jpg
W003,7,1,1532707860287558,全段同类问题持续；见本例关键帧说明。,assets/W003/007_input.jpg
W003,8,1,1532707860437558,全段同类问题持续；见本例关键帧说明。,assets/W003/008_input.jpg
W003,9,1,1532707860537558,目标清楚是同一辆车，位置与灰洞稳定；车底缺接触、轮廓略糊，整个对象像贴在双黄线附近的路面上。,assets/W003/009_input.jpg
W008,0,1,1535573178637558,未误遮左后真实车辆，灰洞内应恢复道路这一目标明确；新增车与路面没有明显接触暗部，独立车体显得悬浮。,assets/W008/000_input.jpg
W008,1,1,1535573178687558,全段同类问题持续；见本例关键帧说明。,assets/W008/001_input.jpg
W008,2,1,1535573178787558,全段同类问题持续；见本例关键帧说明。,assets/W008/002_input.jpg
W008,3,1,1535573178937558,未误遮左后真实车辆，灰洞内应恢复道路这一目标明确；新增车与路面没有明显接触暗部，独立车体显得悬浮。,assets/W008/003_input.jpg
W008,4,1,1535573179037558,全段同类问题持续；见本例关键帧说明。,assets/W008/004_input.jpg
W008,5,1,1535573179137558,未误遮左后真实车辆，灰洞内应恢复道路这一目标明确；新增车与路面没有明显接触暗部，独立车体显得悬浮。,assets/W008/005_input.jpg
W008,6,1,1535573179187558,全段同类问题持续；见本例关键帧说明。,assets/W008/006_input.jpg
W008,7,1,1535573179287630,全段同类问题持续；见本例关键帧说明。,assets/W008/007_input.jpg
W008,8,1,1535573179437558,全段同类问题持续；见本例关键帧说明。,assets/W008/008_input.jpg
W008,9,1,1535573179537558,未误遮左后真实车辆，灰洞内应恢复道路这一目标明确；新增车与路面没有明显接触暗部，独立车体显得悬浮。,assets/W008/009_input.jpg
W017,0,1,1532707858637558,目标与左侧真实车分离，10 帧没有明显缺 mask；但轮胎下缘、双黄线附近的叠加显得生硬。,assets/W017/000_input.jpg
W017,1,1,1532707858687558,全段同类问题持续；见本例关键帧说明。,assets/W017/001_input.jpg
W017,2,1,1532707858787558,全段同类问题持续；见本例关键帧说明。,assets/W017/002_input.jpg
W017,3,1,1532707858937558,全段同类问题持续；见本例关键帧说明。,assets/W017/003_input.jpg
W017,4,1,1532707859037558,全段同类问题持续；见本例关键帧说明。,assets/W017/004_input.jpg
W017,5,1,1532707859137568,目标与左侧真实车分离，10 帧没有明显缺 mask；但轮胎下缘、双黄线附近的叠加显得生硬。,assets/W017/005_input.jpg
W017,6,1,1532707859187558,目标与左侧真实车分离，10 帧没有明显缺 mask；但轮胎下缘、双黄线附近的叠加显得生硬。,assets/W017/006_input.jpg
W017,7,1,1532707859287558,全段同类问题持续；见本例关键帧说明。,assets/W017/007_input.jpg
W017,8,1,1532707859437567,全段同类问题持续；见本例关键帧说明。,assets/W017/008_input.jpg
W017,9,1,1532707859537558,目标与左侧真实车分离，10 帧没有明显缺 mask；但轮胎下缘、双黄线附近的叠加显得生硬。,assets/W017/009_input.jpg
W019,0,2,1532707857637558,红色 A 与绿色 B 的重叠是有意制造的遮挡，不能据此判标错。输入里 B 的可见上部保留，GT 中 B 完整，10 帧条件没有明显串位。,assets/W019/000_input.jpg
W019,1,2,1532707857687558,未见足以拒绝本帧的明显新增错误；须人工全检。,assets/W019/001_input.jpg
W019,2,2,1532707857787558,未见足以拒绝本帧的明显新增错误；须人工全检。,assets/W019/002_input.jpg
W019,3,2,1532707857937558,红色 A 与绿色 B 的重叠是有意制造的遮挡，不能据此判标错。输入里 B 的可见上部保留，GT 中 B 完整，10 帧条件没有明显串位。,assets/W019/003_input.jpg
W019,4,2,1532707858037586,红色 A 与绿色 B 的重叠是有意制造的遮挡，不能据此判标错。输入里 B 的可见上部保留，GT 中 B 完整，10 帧条件没有明显串位。,assets/W019/004_input.jpg
W019,5,2,1532707858137558,未见足以拒绝本帧的明显新增错误；须人工全检。,assets/W019/005_input.jpg
W019,6,2,1532707858187558,未见足以拒绝本帧的明显新增错误；须人工全检。,assets/W019/006_input.jpg
W019,7,2,1532707858287558,未见足以拒绝本帧的明显新增错误；须人工全检。,assets/W019/007_input.jpg
W019,8,2,1532707858437558,未见足以拒绝本帧的明显新增错误；须人工全检。,assets/W019/008_input.jpg
W019,9,2,1532707858537558,红色 A 与绿色 B 的重叠是有意制造的遮挡，不能据此判标错。输入里 B 的可见上部保留，GT 中 B 完整，10 帧条件没有明显串位。,assets/W019/009_input.jpg
W023,0,1,1534867341637558,后方银车清晰并持续可见一部分，监督关系有价值；但 A 的车窗云状反光很强，车体偏糊、缺接地，与道路光照衔接较差。,assets/W023/000_input.jpg
W023,1,1,1534867341687563,全段同类问题持续；见本例关键帧说明。,assets/W023/001_input.jpg
W023,2,1,1534867341787558,后方银车清晰并持续可见一部分，监督关系有价值；但 A 的车窗云状反光很强，车体偏糊、缺接地，与道路光照衔接较差。,assets/W023/002_input.jpg
W023,3,1,1534867341937558,全段同类问题持续；见本例关键帧说明。,assets/W023/003_input.jpg
W023,4,1,1534867342037558,全段同类问题持续；见本例关键帧说明。,assets/W023/004_input.jpg
W023,5,1,1534867342137558,后方银车清晰并持续可见一部分，监督关系有价值；但 A 的车窗云状反光很强，车体偏糊、缺接地，与道路光照衔接较差。,assets/W023/005_input.jpg
W023,6,1,1534867342187558,全段同类问题持续；见本例关键帧说明。,assets/W023/006_input.jpg
W023,7,1,1534867342287558,全段同类问题持续；见本例关键帧说明。,assets/W023/007_input.jpg
W023,8,1,1534867342437558,全段同类问题持续；见本例关键帧说明。,assets/W023/008_input.jpg
W023,9,1,1534867342537558,后方银车清晰并持续可见一部分，监督关系有价值；但 A 的车窗云状反光很强，车体偏糊、缺接地，与道路光照衔接较差。,assets/W023/009_input.jpg
W025,0,2,1535573177637558,A/B 的前后关系和灰洞连续，后车可见部分与 GT 对应，未见明显邻车恢复错位。抠图边缘可继续改善，但可先进入人工全检。,assets/W025/000_input.jpg
W025,1,2,1535573177687558,A/B 的前后关系和灰洞连续，后车可见部分与 GT 对应，未见明显邻车恢复错位。抠图边缘可继续改善，但可先进入人工全检。,assets/W025/001_input.jpg
W025,2,2,1535573177787558,未见足以拒绝本帧的明显新增错误；须人工全检。,assets/W025/002_input.jpg
W025,3,2,1535573177937558,未见足以拒绝本帧的明显新增错误；须人工全检。,assets/W025/003_input.jpg
W025,4,2,1535573178037558,未见足以拒绝本帧的明显新增错误；须人工全检。,assets/W025/004_input.jpg
W025,5,2,1535573178137558,A/B 的前后关系和灰洞连续，后车可见部分与 GT 对应，未见明显邻车恢复错位。抠图边缘可继续改善，但可先进入人工全检。,assets/W025/005_input.jpg
W025,6,2,1535573178187558,未见足以拒绝本帧的明显新增错误；须人工全检。,assets/W025/006_input.jpg
W025,7,2,1535573178287558,A/B 的前后关系和灰洞连续，后车可见部分与 GT 对应，未见明显邻车恢复错位。抠图边缘可继续改善，但可先进入人工全检。,assets/W025/007_input.jpg
W025,8,2,1535573178437558,未见足以拒绝本帧的明显新增错误；须人工全检。,assets/W025/008_input.jpg
W025,9,2,1535573178537558,A/B 的前后关系和灰洞连续，后车可见部分与 GT 对应，未见明显邻车恢复错位。抠图边缘可继续改善，但可先进入人工全检。,assets/W025/009_input.jpg
W028,0,2,1533583265762404,侧面深色车遮住白皮卡下部，GT 中可明确恢复皮卡；A 的尺寸/轮廓与横向场景大致协调，行人和车列未被额外改写，10 帧相对稳定。,assets/W028/000_input.jpg
W028,1,2,1533583265862404,未见足以拒绝本帧的明显新增错误；须人工全检。,assets/W028/001_input.jpg
W028,2,2,1533583265912404,未见足以拒绝本帧的明显新增错误；须人工全检。,assets/W028/002_input.jpg
W028,3,2,1533583266012404,未见足以拒绝本帧的明显新增错误；须人工全检。,assets/W028/003_input.jpg
W028,4,2,1533583266162404,未见足以拒绝本帧的明显新增错误；须人工全检。,assets/W028/004_input.jpg
W028,5,2,1533583266262404,侧面深色车遮住白皮卡下部，GT 中可明确恢复皮卡；A 的尺寸/轮廓与横向场景大致协调，行人和车列未被额外改写，10 帧相对稳定。,assets/W028/005_input.jpg
W028,6,2,1533583266362404,侧面深色车遮住白皮卡下部，GT 中可明确恢复皮卡；A 的尺寸/轮廓与横向场景大致协调，行人和车列未被额外改写，10 帧相对稳定。,assets/W028/006_input.jpg
W028,7,2,1533583266412404,未见足以拒绝本帧的明显新增错误；须人工全检。,assets/W028/007_input.jpg
W028,8,2,1533583266512404,未见足以拒绝本帧的明显新增错误；须人工全检。,assets/W028/008_input.jpg
W028,9,2,1533583266662404,侧面深色车遮住白皮卡下部，GT 中可明确恢复皮卡；A 的尺寸/轮廓与横向场景大致协调，行人和车列未被额外改写，10 帧相对稳定。,assets/W028/009_input.jpg
W032,0,1,1532708168637558,B 的上部可见且 GT 明确，灰洞可用于恢复任务；A 的车底硬，接近路面阴影时仍显亮，视觉一致性不如主通过组。,assets/W032/000_input.jpg
W032,1,1,1532708168687558,全段同类问题持续；见本例关键帧说明。,assets/W032/001_input.jpg
W032,2,1,1532708168787558,全段同类问题持续；见本例关键帧说明。,assets/W032/002_input.jpg
W032,3,1,1532708168937558,B 的上部可见且 GT 明确，灰洞可用于恢复任务；A 的车底硬，接近路面阴影时仍显亮，视觉一致性不如主通过组。,assets/W032/003_input.jpg
W032,4,1,1532708169037558,全段同类问题持续；见本例关键帧说明。,assets/W032/004_input.jpg
W032,5,1,1532708169137558,全段同类问题持续；见本例关键帧说明。,assets/W032/005_input.jpg
W032,6,1,1532708169187558,B 的上部可见且 GT 明确，灰洞可用于恢复任务；A 的车底硬，接近路面阴影时仍显亮，视觉一致性不如主通过组。,assets/W032/006_input.jpg
W032,7,1,1532708169287558,全段同类问题持续；见本例关键帧说明。,assets/W032/007_input.jpg
W032,8,1,1532708169437603,全段同类问题持续；见本例关键帧说明。,assets/W032/008_input.jpg
W032,9,1,1532708169537558,B 的上部可见且 GT 明确，灰洞可用于恢复任务；A 的车底硬，接近路面阴影时仍显亮，视觉一致性不如主通过组。,assets/W032/009_input.jpg
W034,0,2,1535573177637558,视觉关系与 W025 相近，后车身份与目标遮挡位置未见明显问题，灰洞基本匹配。属于可保留的同源变体，不提供新的场景覆盖。,assets/W034/000_input.jpg
W034,1,2,1535573177687558,视觉关系与 W025 相近，后车身份与目标遮挡位置未见明显问题，灰洞基本匹配。属于可保留的同源变体，不提供新的场景覆盖。,assets/W034/001_input.jpg
W034,2,2,1535573177787558,未见足以拒绝本帧的明显新增错误；须人工全检。,assets/W034/002_input.jpg
W034,3,2,1535573177937558,未见足以拒绝本帧的明显新增错误；须人工全检。,assets/W034/003_input.jpg
W034,4,2,1535573178037558,未见足以拒绝本帧的明显新增错误；须人工全检。,assets/W034/004_input.jpg
W034,5,2,1535573178137558,视觉关系与 W025 相近，后车身份与目标遮挡位置未见明显问题，灰洞基本匹配。属于可保留的同源变体，不提供新的场景覆盖。,assets/W034/005_input.jpg
W034,6,2,1535573178187558,未见足以拒绝本帧的明显新增错误；须人工全检。,assets/W034/006_input.jpg
W034,7,2,1535573178287558,未见足以拒绝本帧的明显新增错误；须人工全检。,assets/W034/007_input.jpg
W034,8,2,1535573178437558,未见足以拒绝本帧的明显新增错误；须人工全检。,assets/W034/008_input.jpg
W034,9,2,1535573178537558,视觉关系与 W025 相近，后车身份与目标遮挡位置未见明显问题，灰洞基本匹配。属于可保留的同源变体，不提供新的场景覆盖。,assets/W034/009_input.jpg
W037,0,2,1533583265762404,同一白皮卡前新增侧向深色车，前后关系清楚，标签和条件覆盖基本一致；未见突然消失/换车。新车局部偏软，但适合作为初步有真值遮挡对。,assets/W037/000_input.jpg
W037,1,2,1533583265862404,未见足以拒绝本帧的明显新增错误；须人工全检。,assets/W037/001_input.jpg
W037,2,2,1533583265912404,未见足以拒绝本帧的明显新增错误；须人工全检。,assets/W037/002_input.jpg
W037,3,2,1533583266012404,未见足以拒绝本帧的明显新增错误；须人工全检。,assets/W037/003_input.jpg
W037,4,2,1533583266162404,未见足以拒绝本帧的明显新增错误；须人工全检。,assets/W037/004_input.jpg
W037,5,2,1533583266262404,同一白皮卡前新增侧向深色车，前后关系清楚，标签和条件覆盖基本一致；未见突然消失/换车。新车局部偏软，但适合作为初步有真值遮挡对。,assets/W037/005_input.jpg
W037,6,2,1533583266362404,未见足以拒绝本帧的明显新增错误；须人工全检。,assets/W037/006_input.jpg
W037,7,2,1533583266412404,同一白皮卡前新增侧向深色车，前后关系清楚，标签和条件覆盖基本一致；未见突然消失/换车。新车局部偏软，但适合作为初步有真值遮挡对。,assets/W037/007_input.jpg
W037,8,2,1533583266512404,未见足以拒绝本帧的明显新增错误；须人工全检。,assets/W037/008_input.jpg
W037,9,2,1533583266662404,同一白皮卡前新增侧向深色车，前后关系清楚，标签和条件覆盖基本一致；未见突然消失/换车。新车局部偏软，但适合作为初步有真值遮挡对。,assets/W037/009_input.jpg
W004,0,1,1532708167637558,供体本身较完整，非目标真实车保留；车底和路面分离感持续，阴影边缘经过时衔接不自然。,assets/W004/000_input.jpg
W004,1,1,1532708167687560,全段同类问题持续；见本例关键帧说明。,assets/W004/001_input.jpg
W004,2,1,1532708167787558,供体本身较完整，非目标真实车保留；车底和路面分离感持续，阴影边缘经过时衔接不自然。,assets/W004/002_input.jpg
W004,3,1,1532708167937558,全段同类问题持续；见本例关键帧说明。,assets/W004/003_input.jpg
W004,4,1,1532708168037558,全段同类问题持续；见本例关键帧说明。,assets/W004/004_input.jpg
W004,5,1,1532708168137558,供体本身较完整，非目标真实车保留；车底和路面分离感持续，阴影边缘经过时衔接不自然。,assets/W004/005_input.jpg
W004,6,1,1532708168187558,全段同类问题持续；见本例关键帧说明。,assets/W004/006_input.jpg
W004,7,1,1532708168287558,全段同类问题持续；见本例关键帧说明。,assets/W004/007_input.jpg
W004,8,1,1532708168437558,全段同类问题持续；见本例关键帧说明。,assets/W004/008_input.jpg
W004,9,1,1532708168537558,供体本身较完整，非目标真实车保留；车底和路面分离感持续，阴影边缘经过时衔接不自然。,assets/W004/009_input.jpg
W009,0,1,1532708593762404,小车尾在路口中央像缩放后的贴纸，底部呈明显弧形空隙，细节偏糊；灰洞与 GT 路面仍构成清楚监督。,assets/W009/000_input.jpg
W009,1,1,1532708593862404,全段同类问题持续；见本例关键帧说明。,assets/W009/001_input.jpg
W009,2,1,1532708593912404,全段同类问题持续；见本例关键帧说明。,assets/W009/002_input.jpg
W009,3,1,1532708594012404,全段同类问题持续；见本例关键帧说明。,assets/W009/003_input.jpg
W009,4,1,1532708594163487,全段同类问题持续；见本例关键帧说明。,assets/W009/004_input.jpg
W009,5,1,1532708594262491,小车尾在路口中央像缩放后的贴纸，底部呈明显弧形空隙，细节偏糊；灰洞与 GT 路面仍构成清楚监督。,assets/W009/005_input.jpg
W009,6,1,1532708594362404,全段同类问题持续；见本例关键帧说明。,assets/W009/006_input.jpg
W009,7,1,1532708594412404,全段同类问题持续；见本例关键帧说明。,assets/W009/007_input.jpg
W009,8,1,1532708594512404,全段同类问题持续；见本例关键帧说明。,assets/W009/008_input.jpg
W009,9,1,1532708594662404,小车尾在路口中央像缩放后的贴纸，底部呈明显弧形空隙，细节偏糊；灰洞与 GT 路面仍构成清楚监督。,assets/W009/009_input.jpg
W011,0,1,1532708595762404,与 W009 同类，小车尾在路面上缺乏实体接触，轮廓/运动有二维贴片感；condition 未见明显目标残留。,assets/W011/000_input.jpg
W011,1,1,1532708595862404,全段同类问题持续；见本例关键帧说明。,assets/W011/001_input.jpg
W011,2,1,1532708595912404,全段同类问题持续；见本例关键帧说明。,assets/W011/002_input.jpg
W011,3,1,1532708596012404,全段同类问题持续；见本例关键帧说明。,assets/W011/003_input.jpg
W011,4,1,1532708596162404,全段同类问题持续；见本例关键帧说明。,assets/W011/004_input.jpg
W011,5,1,1532708596262404,与 W009 同类，小车尾在路面上缺乏实体接触，轮廓/运动有二维贴片感；condition 未见明显目标残留。,assets/W011/005_input.jpg
W011,6,1,1532708596362404,全段同类问题持续；见本例关键帧说明。,assets/W011/006_input.jpg
W011,7,1,1532708596412404,全段同类问题持续；见本例关键帧说明。,assets/W011/007_input.jpg
W011,8,1,1532708596512404,全段同类问题持续；见本例关键帧说明。,assets/W011/008_input.jpg
W011,9,1,1532708596662404,与 W009 同类，小车尾在路面上缺乏实体接触，轮廓/运动有二维贴片感；condition 未见明显目标残留。,assets/W011/009_input.jpg
W013,0,1,1535729254262404,车尾清晰，但跨双黄线且底下能直接看到明亮标线，目标与路面接触弱。不能仅以压线判交通违法，不过此合成摆放需要重看。,assets/W013/000_input.jpg
W013,1,1,1535729254362404,车尾清晰，但跨双黄线且底下能直接看到明亮标线，目标与路面接触弱。不能仅以压线判交通违法，不过此合成摆放需要重看。,assets/W013/001_input.jpg
W013,2,1,1535729254412404,全段同类问题持续；见本例关键帧说明。,assets/W013/002_input.jpg
W013,3,1,1535729254512404,全段同类问题持续；见本例关键帧说明。,assets/W013/003_input.jpg
W013,4,1,1535729254662404,全段同类问题持续；见本例关键帧说明。,assets/W013/004_input.jpg
W013,5,1,1535729254762404,车尾清晰，但跨双黄线且底下能直接看到明亮标线，目标与路面接触弱。不能仅以压线判交通违法，不过此合成摆放需要重看。,assets/W013/005_input.jpg
W013,6,1,1535729254862404,全段同类问题持续；见本例关键帧说明。,assets/W013/006_input.jpg
W013,7,1,1535729254912404,全段同类问题持续；见本例关键帧说明。,assets/W013/007_input.jpg
W013,8,1,1535729255012404,全段同类问题持续；见本例关键帧说明。,assets/W013/008_input.jpg
W013,9,1,1535729255162404,车尾清晰，但跨双黄线且底下能直接看到明亮标线，目标与路面接触弱。不能仅以压线判交通违法，不过此合成摆放需要重看。,assets/W013/009_input.jpg
W015,0,1,1535573951512404,尾部比邻车更软，车底弧形凹口和缺少接触暗部造成强贴片感；灰洞覆盖完整，非目标白车大体保住。,assets/W015/000_input.jpg
W015,1,1,1535573951612404,全段同类问题持续；见本例关键帧说明。,assets/W015/001_input.jpg
W015,2,1,1535573951662404,全段同类问题持续；见本例关键帧说明。,assets/W015/002_input.jpg
W015,3,1,1535573951762404,全段同类问题持续；见本例关键帧说明。,assets/W015/003_input.jpg
W015,4,1,1535573951912404,全段同类问题持续；见本例关键帧说明。,assets/W015/004_input.jpg
W015,5,1,1535573952012404,尾部比邻车更软，车底弧形凹口和缺少接触暗部造成强贴片感；灰洞覆盖完整，非目标白车大体保住。,assets/W015/005_input.jpg
W015,6,1,1535573952112404,尾部比邻车更软，车底弧形凹口和缺少接触暗部造成强贴片感；灰洞覆盖完整，非目标白车大体保住。,assets/W015/006_input.jpg
W015,7,1,1535573952162404,全段同类问题持续；见本例关键帧说明。,assets/W015/007_input.jpg
W015,8,1,1535573952262404,全段同类问题持续；见本例关键帧说明。,assets/W015/008_input.jpg
W015,9,1,1535573952412404,尾部比邻车更软，车底弧形凹口和缺少接触暗部造成强贴片感；灰洞覆盖完整，非目标白车大体保住。,assets/W015/009_input.jpg
W031,0,1,1532708167637558,黑色 SUV 与较灰的现场亮度/材质观感不一致，车底像硬切贴片；但 B 的可见上部、GT 和灰洞关系清楚。,assets/W031/000_input.jpg
W031,1,1,1532708167687560,全段同类问题持续；见本例关键帧说明。,assets/W031/001_input.jpg
W031,2,1,1532708167787558,全段同类问题持续；见本例关键帧说明。,assets/W031/002_input.jpg
W031,3,1,1532708167937558,全段同类问题持续；见本例关键帧说明。,assets/W031/003_input.jpg
W031,4,1,1532708168037558,全段同类问题持续；见本例关键帧说明。,assets/W031/004_input.jpg
W031,5,1,1532708168137558,黑色 SUV 与较灰的现场亮度/材质观感不一致，车底像硬切贴片；但 B 的可见上部、GT 和灰洞关系清楚。,assets/W031/005_input.jpg
W031,6,1,1532708168187558,全段同类问题持续；见本例关键帧说明。,assets/W031/006_input.jpg
W031,7,1,1532708168287558,全段同类问题持续；见本例关键帧说明。,assets/W031/007_input.jpg
W031,8,1,1532708168437558,黑色 SUV 与较灰的现场亮度/材质观感不一致，车底像硬切贴片；但 B 的可见上部、GT 和灰洞关系清楚。,assets/W031/008_input.jpg
W031,9,1,1532708168537558,黑色 SUV 与较灰的现场亮度/材质观感不一致，车底像硬切贴片；但 B 的可见上部、GT 和灰洞关系清楚。,assets/W031/009_input.jpg
