case_id,score_0_2,frame_scores_json,input_difficulty,failure_type,evidence_frames,reason
D001,1,"[1, 1, 1, 1, 1, 1, 1, 1, 1, 1, 1, 1, 1, 1, 1, 1, 1, 1, 1, 1, 1, 1, 1, 1, 1, 1, 1, 1, 1, 1]",低：清晰道路、无受遮挡保留车,接地感弱；边缘偏硬,"[0, 9, 15, 29]",新增灰车完整，灰洞也基本覆盖目标，原道路可作为明确答案；但车底像悬在路面上，缺少接触暗部，沿双黄线移动时贴片感明显。未见整帧跳换或明显目标漏出。
D008,2,"[2, 2, 2, 2, 2, 2, 2, 2, 2, 2, 2, 2, 2, 2, 2, 2, 2, 2, 2, 2, 2, 2, 2, 2, 2, 2, 2, 2, 2, 2]",中：遮住一辆清晰后车的下半部,轻微硬边；未见明显关系错误,"[0, 15, 23, 29]",A 在 B 前方，B 的可见车顶/部分前脸留在条件里，GT 中 B 完整可恢复；30 帧的对象、遮挡和灰洞连续。车底仍略硬，但相对可送人工全检。
D011,2,"[2, 2, 2, 2, 2, 2, 2, 2, 2, 2, 2, 2, 2, 2, 2, 2, 2, 2, 2, 2, 2, 2, 2, 2, 2, 2, 2, 2, 2, 2]",中：遮住清晰后车，供体更换,轻微贴片；未见明显关系错误,"[0, 12, 15, 29]",换成深蓝色轿车后，前后关系清楚，目标轮廓完整，后车未被不合理写到 A 前方；condition 与合成目标对应。细节仍有合成感，但没有必须整例拒绝的可见错误。
P005,1,"[1, 1, 1, 1, 1, 1, 1, 1, 1, 1, 1, 1, 1, 1, 1, 1, 1, 1, 1, 1, 1, 1, 1, 1, 1, 1, 1, 1, 1, 1]",中：近车遮挡后车，旁边出租车经过,近端接地/前景层序疑点,"[0, 15, 24, 29]",前段遮挡关系可辨，后车和旁边出租车大体保持；末段 A 的车轮/下缘靠近并少量盖过采集车可见车体边缘，灰洞也过近。车辆持续贴片感，而非突发生成变形。
D004,1,"[1, 1, 1, 1, 1, 1, 1, 1, 1, 1, 1, 1, 1, 1, 1, 1, 1, 1, 1, 1, 1, 1, 1, 1, 1, 1, 1, 1, 1, 1]",低：道路补全，但穿过明暗分界,受光不匹配；车底缺接触暗部,"[0, 6, 15, 29]",道路的建筑阴影随帧扫过目标位置，但供体的亮反光基本不随场景明暗变化；目标完整、条件可用，整体却像一张亮车贴在路上。
D009,0,"[0, 0, 0, 0, 0, 0, 0, 0, 0, 0, 0, 0, 0, 0, 0, 0, 0, 0, 0, 0, 0, 0, 0, 0, 0, 0, 0, 0, 0, 0]",中：近端大遮挡、后车可见,合成车覆盖采集车可见车体；尺度/摆放不合格,"[0, 12, 15, 29]",从首帧到末帧，目标车底和轮胎反复直接盖在图像下方采集车可见车体上；条件灰洞也进入该固定前景。画面是明显的大贴片，当前不作为合格合成删除输入。
P003,1,"[1, 1, 1, 1, 1, 1, 1, 1, 1, 1, 1, 1, 1, 1, 1, 1, 1, 1, 1, 1, 1, 1, 1, 1, 1, 1, 1, 1, 1, 1]",低：无遮挡道路,供体模糊；车底悬空感；受光不匹配,"[0, 10, 15, 29]",供体比附近真实车辆更糊，轮胎/车底不清，背景阴影变化时车体亮度跟随不足。GT 和灰洞关系基本清楚，但不适合混称高真实性 X。
D005,1,"[1, 1, 1, 1, 1, 1, 1, 1, 1, 1, 1, 1, 1, 1, 1, 1, 1, 1, 1, 1, 1, 1, 1, 1, 1, 1, 1, 1, 1, 1]",低：道路补全,硬切轮廓；明暗不匹配,"[0, 8, 16, 29]",轮廓比 P003 清楚，邻车没有明显误伤，灰洞基本覆盖；但道路入阴影后车体外观仍偏亮，底部与道路缺少连接，完整视频保持贴片感。
W003,1,"[1, 1, 1, 1, 1, 1, 1, 1, 1, 1]",低：简单道路短窗,轮廓软；车底悬空感,"[0, 3, 5, 9]",目标清楚是同一辆车，位置与灰洞稳定；车底缺接触、轮廓略糊，整个对象像贴在双黄线附近的路面上。
W008,1,"[1, 1, 1, 1, 1, 1, 1, 1, 1, 1]",低：空车道短窗,孤立车体贴片感,"[0, 3, 5, 9]",未误遮左后真实车辆，灰洞内应恢复道路这一目标明确；新增车与路面没有明显接触暗部，独立车体显得悬浮。
W017,1,"[1, 1, 1, 1, 1, 1, 1, 1, 1, 1]",低：标线附近短窗,硬边；接地不足,"[0, 5, 6, 9]",目标与左侧真实车分离，10 帧没有明显缺 mask；但轮胎下缘、双黄线附近的叠加显得生硬。
W019,2,"[2, 2, 2, 2, 2, 2, 2, 2, 2, 2]",中：目标遮住后车一侧/下部,轻微接地不足；关系基本明确,"[0, 3, 4, 9]",红色 A 与绿色 B 的重叠是有意制造的遮挡，不能据此判标错。输入里 B 的可见上部保留，GT 中 B 完整，10 帧条件没有明显串位。
W023,1,"[1, 1, 1, 1, 1, 1, 1, 1, 1, 1]",中：近车遮住银色大车,供体过软/反光不匹配；接地弱,"[0, 2, 5, 9]",后方银车清晰并持续可见一部分，监督关系有价值；但 A 的车窗云状反光很强，车体偏糊、缺接地，与道路光照衔接较差。
W025,2,"[2, 2, 2, 2, 2, 2, 2, 2, 2, 2]",中：后车遮挡短窗,轻微贴片；同源重复,"[0, 1, 5, 7, 9]",A/B 的前后关系和灰洞连续，后车可见部分与 GT 对应，未见明显邻车恢复错位。抠图边缘可继续改善，但可先进入人工全检。
W028,2,"[2, 2, 2, 2, 2, 2, 2, 2, 2, 2]",中：侧向车辆遮挡皮卡,轻微软边；短窗基本一致,"[0, 5, 6, 9]",侧面深色车遮住白皮卡下部，GT 中可明确恢复皮卡；A 的尺寸/轮廓与横向场景大致协调，行人和车列未被额外改写，10 帧相对稳定。
W032,1,"[1, 1, 1, 1, 1, 1, 1, 1, 1, 1]",中：后车遮挡，路面明暗变化,受光差；车底硬边,"[0, 3, 6, 9]",B 的上部可见且 GT 明确，灰洞可用于恢复任务；A 的车底硬，接近路面阴影时仍显亮，视觉一致性不如主通过组。
W034,2,"[2, 2, 2, 2, 2, 2, 2, 2, 2, 2]",中：后车遮挡短窗,轻微贴片；与 W025 高度同源,"[0, 1, 5, 9]",视觉关系与 W025 相近，后车身份与目标遮挡位置未见明显问题，灰洞基本匹配。属于可保留的同源变体，不提供新的场景覆盖。
W037,2,"[2, 2, 2, 2, 2, 2, 2, 2, 2, 2]",中：侧向车辆遮挡皮卡,轻微软边；与 W028 同源,"[0, 5, 7, 9]",同一白皮卡前新增侧向深色车，前后关系清楚，标签和条件覆盖基本一致；未见突然消失/换车。新车局部偏软，但适合作为初步有真值遮挡对。
W004,1,"[1, 1, 1, 1, 1, 1, 1, 1, 1, 1]",低：道路恢复短窗,贴片硬边；车底无接触感,"[0, 2, 5, 9]",供体本身较完整，非目标真实车保留；车底和路面分离感持续，阴影边缘经过时衔接不自然。
W009,1,"[1, 1, 1, 1, 1, 1, 1, 1, 1, 1]",低：路口、小车尾供体,供体模糊；轮胎/下缘缺接地,"[0, 5, 9]",小车尾在路口中央像缩放后的贴纸，底部呈明显弧形空隙，细节偏糊；灰洞与 GT 路面仍构成清楚监督。
W011,1,"[1, 1, 1, 1, 1, 1, 1, 1, 1, 1]",低：同路口后续短窗,车尾贴片；近重复背景,"[0, 5, 9]",与 W009 同类，小车尾在路面上缺乏实体接触，轮廓/运动有二维贴片感；condition 未见明显目标残留。
W013,1,"[1, 1, 1, 1, 1, 1, 1, 1, 1, 1]",低：斜向道路、车尾供体,车底悬空感；道路朝向匹配待复核,"[0, 1, 5, 9]",车尾清晰，但跨双黄线且底下能直接看到明亮标线，目标与路面接触弱。不能仅以压线判交通违法，不过此合成摆放需要重看。
W015,1,"[1, 1, 1, 1, 1, 1, 1, 1, 1, 1]",低：路口背景,供体较糊；车底弧形缺口/悬浮感,"[0, 5, 6, 9]",尾部比邻车更软，车底弧形凹口和缺少接触暗部造成强贴片感；灰洞覆盖完整，非目标白车大体保住。
W031,1,"[1, 1, 1, 1, 1, 1, 1, 1, 1, 1]",中：后车遮挡短窗,供体过暗/硬边；高光不协调,"[0, 5, 8, 9]",黑色 SUV 与较灰的现场亮度/材质观感不一致，车底像硬切贴片；但 B 的可见上部、GT 和灰洞关系清楚。
